{
    "id": 500,
    "x": 1379.8247998157594,
    "y": 207.1460895530638,
    "v": {
        "hypergeom_cc_enrich": 3.0,
        "achilles_2std_adjp": 1.0,
        "opencell_pvalue": 7.706394919640259e-27,
        "hypergeom_cc_adjPvalues": "0.00012294516453749188; 0.003889430191209203; 0.005665216202655558",
        "cc_gene_counts": "43.0; 28.0; 35.0",
        "achilles_2std_pvalue": 0.9995847142052742,
        "Size": 147,
        "opencell_unique_count": 44,
        "hypergeom_corum_enrich": 0.0,
        "bioplex_unique_count": 175,
        "hcm_count": 6,
        "pcnet_count": 308,
        "LogSize": 7.199672344836364,
        "hcm_unique_count": 6,
        "pcnet_unique_count": 308,
        "hcm_adjp": 0.773829291274639,
        "opencell_count": 44,
        "Stability": 53,
        "cc_ji_indexes": "0.05125148986889154; 0.04895104895104895; 0.046296296296296294",
        "MemberList": "ABLIM1 AFDN AHNAK2 AKAP13 ANKS1A ARHGAP21 ARHGEF40 ATXN1 ATXN1L BECN1 BICC1 BRAF CASK CBARP CDC25B CDC42BPG CDK14 CDK16 CEP112 CEP170B CEP89 CGN CGNL1 CHEK1 CIC CLIP4 CREB3L2 CRTC2 CRTC3 DENND4A DLG1 DYRK1A DZIP1L EPB41 EPN2 ERC1 ERRFI1 FAM110A FAM117B FAM53B FOXO1 HAUS1 HDAC4 HDAC5 HDAC6 HDAC7 HIVEP1 IRS1 ISCU ITPRID2 JCAD KIF21B KIF23 KIF5B KIF5C KLC2 KSR1 LMO7 LPIN1 LPIN3 LRRC45 MAP3K2 MAP3K20 MAP3K3 MAPKBP1 MAST1 MAST2 MEX3B MEX3C MICALL1 MIIP MPRIP NEK1 NRBF2 PAK4 PAK6 PARD3 PARP8 PFKFB2 PFKFB4 PHACTR4 PHLDB2 PI4KB PIK3C2A PIK3R4 PLEKHA7 PNRC2 PPFIBP1 PPIL2 PPIP5K1 PPIP5K2 PPM1H PPP1R3D PPP1R3E PRAG1 PSD3 PTPN21 PXDC1 R3HDM1 RAB11FIP1 RACGAP1 RAF1 RALGPS2 RFX7 RGS12 RHBDF1 RIPOR1 SAMD4B SH2B3 SH3BP5L SH3RF3 SIK3 SIPA1 SIPA1L1 SIPA1L3 SNTB2 SPEG SPIRE1 SRGAP1 STK4 SYDE2 TAOK1 TBC1D4 TEAD2 TEAD4 TESK2 TFE3 TIAM1 TNFAIP3 TP53BP2 TSC1 TUT4 UACA USP43 USP8 VPS13D WDR62 WEE1 WNK1 WWTR1 YAP1 YWHAB YWHAG YWHAQ ZBTB21 ZC3H12C ZNF395",
        "genes": "ABLIM1 AFDN AHNAK2 AKAP13 ANKS1A ARHGAP21 ARHGEF40 ATXN1 ATXN1L BECN1 BICC1 BRAF CASK CBARP CDC25B CDC42BPG CDK14 CDK16 CEP112 CEP170B CEP89 CGN CGNL1 CHEK1 CIC CLIP4 CREB3L2 CRTC2 CRTC3 DENND4A DLG1 DYRK1A DZIP1L EPB41 EPN2 ERC1 ERRFI1 FAM110A FAM117B FAM53B FOXO1 HAUS1 HDAC4 HDAC5 HDAC6 HDAC7 HIVEP1 IRS1 ISCU ITPRID2 JCAD KIF21B KIF23 KIF5B KIF5C KLC2 KSR1 LMO7 LPIN1 LPIN3 LRRC45 MAP3K2 MAP3K20 MAP3K3 MAPKBP1 MAST1 MAST2 MEX3B MEX3C MICALL1 MIIP MPRIP NEK1 NRBF2 PAK4 PAK6 PARD3 PARP8 PFKFB2 PFKFB4 PHACTR4 PHLDB2 PI4KB PIK3C2A PIK3R4 PLEKHA7 PNRC2 PPFIBP1 PPIL2 PPIP5K1 PPIP5K2 PPM1H PPP1R3D PPP1R3E PRAG1 PSD3 PTPN21 PXDC1 R3HDM1 RAB11FIP1 RACGAP1 RAF1 RALGPS2 RFX7 RGS12 RHBDF1 RIPOR1 SAMD4B SH2B3 SH3BP5L SH3RF3 SIK3 SIPA1 SIPA1L1 SIPA1L3 SNTB2 SPEG SPIRE1 SRGAP1 STK4 SYDE2 TAOK1 TBC1D4 TEAD2 TEAD4 TESK2 TFE3 TIAM1 TNFAIP3 TP53BP2 TSC1 TUT4 UACA USP43 USP8 VPS13D WDR62 WEE1 WNK1 WWTR1 YAP1 YWHAB YWHAG YWHAQ ZBTB21 ZC3H12C ZNF395",
        "hcm_pvalue": 0.20387310980594459,
        "achilles_2std_unique_count": 197,
        "bioplex_adjp": 1.4425163030418844e-180,
        "label": "Cluster4-5",
        "tsize": 147,
        "pcnet_pvalue": 5.103930221258837e-18,
        "opencell_adjp": 6.87410426831911e-26,
        "achilles_2std_count": 197,
        "bioplex_count": 175,
        "bioplex_pvalue": 3.881209783969196e-182,
        "pcnet_adjp": 1.6495310715082908e-17,
        "name": "Cluster4-5",
        "hypergeom_cc_terms": "GO:0005856; GO:0070161; GO:0030054"
    }
}