{
    "id": 964,
    "x": 520.116466482426,
    "y": -60.001487084224664,
    "v": {
        "hypergeom_cc_enrich": 93.0,
        "achilles_2std_adjp": 1.0,
        "opencell_pvalue": 0.9999987896672212,
        "hypergeom_cc_adjPvalues": "5.559090011701384e-76; 1.424477057799179e-57; 3.2908573537510586e-29; 6.354256238870819e-28; 1.1676891475347702e-25; 1.7008687158550478e-23; 5.961402746073302e-24; 3.2567527577532145e-18; 2.460174157898809e-11; 1.2084688597021435e-23; 4.208358475785449e-09; 3.347714352775754e-30; 2.0320117772552956e-10; 7.141933271823596e-30; 2.947872345077313e-10; 2.6197636904301142e-09; 2.1195226319988455e-08; 6.05572633109231e-17; 1.5075958922345423e-05; 2.1737921792195094e-05; 7.07582617244627e-07; 0.004052371639105985; 1.0532897437899638e-22; 0.0018101128247618072; 4.6858023258657373e-07; 2.787306207220424e-17; 7.236584939129059e-15; 2.0546007972254198e-14; 3.0868425310044964e-05; 5.706677652770002e-24; 5.429499347816405e-14; 2.473795827404766e-05; 0.002250912647510836; 0.002291304293639455; 0.00015121016175428795; 8.133234551164794e-05; 2.096844321820073e-05; 0.005018283676525446; 6.382801575388106e-21; 7.042514889737117e-09; 0.0009261726700846038; 1.2592540392493184e-10; 0.0005287459811726348; 1.229711754914806e-14; 2.1863731585281932e-12; 0.0007624461496156237; 0.0005210391739287614; 5.118562562158572e-09; 3.0465342112555046e-10; 2.718222456555888e-06; 7.773573278817314e-09; 3.542981350122931e-08; 0.0017475295659819634; 0.005467738702658302; 7.666885941527428e-09; 0.00010036983988352711; 0.00012759514661379485; 2.137178659067412e-05; 2.137178659067412e-05; 2.8444374982393255e-05; 9.464804235493287e-08; 3.079037299603575e-08; 2.3804026334482668e-08; 0.001920784375623523; 2.892460039973675e-05; 0.0008433822722016347; 0.0032704155512894347; 0.007565948855655065; 6.576589590094753e-06; 0.0022091800229077077; 0.0028550989882969026; 0.006361684480534607; 0.0003196140658002494; 0.003285540859189852; 0.004350296187962206; 4.808486702926689e-05; 2.458897329372748e-06; 3.531617807119753e-05; 0.0020263776671749535; 2.761583703468509e-08; 0.0085779949330768; 0.00010044446604805; 0.0017417348684290995; 0.0013840667581296589; 1.064661838002518e-05; 0.00015155585695053315; 0.006415051966610836; 0.000260724873348409; 6.361048780366066e-05; 6.361048780366066e-05; 0.008397393594452704; 0.00042601337839335977; 0.0022750392870648844",
        "cc_gene_counts": "359.0; 314.0; 233.0; 227.0; 429.0; 228.0; 178.0; 195.0; 250.0; 141.0; 225.0; 102.0; 150.0; 99.0; 149.0; 145.0; 136.0; 101.0; 145.0; 144.0; 113.0; 130.0; 78.0; 119.0; 91.0; 71.0; 72.0; 71.0; 86.0; 62.0; 66.0; 71.0; 76.0; 75.0; 70.0; 69.0; 64.0; 66.0; 50.0; 55.0; 60.0; 51.0; 56.0; 45.0; 45.0; 49.0; 45.0; 38.0; 36.0; 35.0; 34.0; 31.0; 32.0; 32.0; 29.0; 30.0; 30.0; 28.0; 28.0; 28.0; 27.0; 26.0; 25.0; 26.0; 25.0; 23.0; 22.0; 22.0; 21.0; 20.0; 20.0; 18.0; 17.0; 17.0; 17.0; 16.0; 15.0; 15.0; 15.0; 14.0; 13.0; 12.0; 12.0; 11.0; 9.0; 9.0; 9.0; 8.0; 7.0; 7.0; 7.0; 6.0; 6.0",
        "achilles_2std_pvalue": 0.9999999777125541,
        "Size": 675,
        "opencell_unique_count": 26,
        "hypergeom_corum_enrich": 0.0,
        "bioplex_unique_count": 280,
        "hcm_count": 121,
        "pcnet_count": 5068,
        "LogSize": 9.398743691938193,
        "hcm_unique_count": 121,
        "pcnet_unique_count": 5068,
        "hcm_adjp": 6.614592664153833e-07,
        "opencell_count": 26,
        "Stability": 22,
        "cc_ji_indexes": "0.24240378122889938; 0.22035087719298246; 0.17466266866566715; 0.17183951551854657; 0.1705087440381558; 0.16473988439306358; 0.15600350569675722; 0.15034695451040864; 0.1447596988998263; 0.14285714285714285; 0.13719512195121952; 0.12686567164179105; 0.12479201331114809; 0.12421580928481807; 0.12416666666666666; 0.12103505843071787; 0.11623931623931624; 0.1132286995515695; 0.11275272161741835; 0.11206225680933853; 0.10424354243542436; 0.1015625; 0.10090556274256145; 0.0987551867219917; 0.09362139917695474; 0.09067688378033206; 0.0896637608966376; 0.08841843088418432; 0.08757637474541752; 0.08539944903581267; 0.08365019011406843; 0.0782800441014333; 0.07802874743326489; 0.07739938080495357; 0.07633587786259542; 0.07607497243660419; 0.07331042382588775; 0.07089151450053706; 0.07042253521126761; 0.06944444444444445; 0.06787330316742081; 0.06684141546526867; 0.06511627906976744; 0.062326869806094184; 0.061391541609822645; 0.05903614457831325; 0.05562422744128554; 0.05191256830601093; 0.05006954102920723; 0.04716981132075472; 0.047156726768377254; 0.04329608938547486; 0.042105263157894736; 0.041720990873533245; 0.04101838755304102; 0.04065040650406504; 0.04059539918809202; 0.038620689655172416; 0.038620689655172416; 0.03856749311294766; 0.03818953323903819; 0.037037037037037035; 0.0357653791130186; 0.035326086956521736; 0.034916201117318434; 0.0319001386962552; 0.030428769017980636; 0.030261348005502064; 0.03; 0.028011204481792718; 0.027972027972027972; 0.02531645569620253; 0.024355300859598854; 0.024113475177304965; 0.024079320113314446; 0.023154848046309694; 0.021929824561403508; 0.02180232558139535; 0.021520803443328552; 0.02064896755162242; 0.01870503597122302; 0.017569546120058566; 0.01744186046511628; 0.016058394160583942; 0.013313609467455622; 0.01327433628318584; 0.013177159590043924; 0.011816838995568686; 0.01037037037037037; 0.01037037037037037; 0.010309278350515464; 0.008888888888888889; 0.008875739644970414",