{
    "id": 1208,
    "x": 721.7025775935372,
    "y": 207.1460895530638,
    "v": {
        "hypergeom_cc_enrich": 22.0,
        "achilles_2std_adjp": 1.0,
        "opencell_pvalue": 1.0,
        "hypergeom_cc_adjPvalues": "2.5978696245804727e-12; 7.514349668435419e-13; 1.8652035323050208e-10; 2.4345073528822494e-12; 4.235652886373036e-13; 3.592968747856235e-09; 5.077858997459815e-13; 9.98471762362426e-08; 1.5286528527122147e-07; 2.2880027505337216e-07; 9.767404670180227e-06; 1.309459047248975e-11; 0.0017471565460165646; 0.0027765883945754253; 8.363846898671845e-05; 8.774827406059326e-05; 1.855985173805977e-05; 2.003262796398353e-05; 7.626300337900205e-05; 9.271876763897292e-05; 9.809378564309836e-07; 0.0013871120455439864",
        "cc_gene_counts": "8.0; 7.0; 7.0; 13.0; 14.0; 8.0; 14.0; 8.0; 8.0; 8.0; 5.0; 17.0; 3.0; 5.0; 11.0; 11.0; 14.0; 14.0; 16.0; 16.0; 23.0; 17.0",
        "achilles_2std_pvalue": 0.99999212539227,
        "Size": 46,
        "opencell_unique_count": 0,
        "hypergeom_corum_enrich": 1.0,
        "bioplex_unique_count": 1,
        "hcm_count": 0,
        "hypergeom_corum_adjPvalues": "0.0017680180508623767",
        "corum_ji_indexes": "0.061224489795918366",
        "pcnet_count": 19,
        "LogSize": 5.523561956057013,
        "hcm_unique_count": 0,
        "pcnet_unique_count": 19,
        "hcm_adjp": 1.0,
        "opencell_count": 0,
        "Stability": 35,
        "cc_ji_indexes": "0.16; 0.15217391304347827; 0.14; 0.12745098039215685; 0.12727272727272726; 0.12698412698412698; 0.12612612612612611; 0.10666666666666667; 0.1038961038961039; 0.10126582278481013; 0.09090909090909091; 0.08133971291866028; 0.06; 0.058823529411764705; 0.04700854700854701; 0.04680851063829787; 0.042042042042042045; 0.041791044776119404; 0.033126293995859216; 0.0326530612244898; 0.030343007915567283; 0.02526002971768202",
        "MemberList": "AHDC1 ASCC2 BTBD1 DLGAP4 ENAH ENO3 FABP3 FBXO28 GIT1 HSPB6 KLHL41 LDB3 LPL LPP LPXN LRCH4 MFGE8 MYH1 MYH15 MYH2 MYH4 MYH6 MYH7 MYH8 MYL3 MYOM3 NOB1 OBSCN PGBD1 PLXNA4 PRX PTK2 PXN SDC1 SENP1 TLE2 TLN1 TNNI1 TNNT1 TNS1 TNS3 TRIM62 TRIP6 USP33 VIPR2 ZYX",
        "genes": "AHDC1 ASCC2 BTBD1 DLGAP4 ENAH ENO3 FABP3 FBXO28 GIT1 HSPB6 KLHL41 LDB3 LPL LPP LPXN LRCH4 MFGE8 MYH1 MYH15 MYH2 MYH4 MYH6 MYH7 MYH8 MYL3 MYOM3 NOB1 OBSCN PGBD1 PLXNA4 PRX PTK2 PXN SDC1 SENP1 TLE2 TLN1 TNNI1 TNNT1 TNS1 TNS3 TRIM62 TRIP6 USP33 VIPR2 ZYX",
        "hcm_pvalue": 1.0,
        "achilles_2std_unique_count": 10,
        "bioplex_adjp": 0.6521046306104309,
        "corum_gene_counts": "3.0",
        "label": "Cluster3-21",
        "hypergeom_corum_terms": "5177_Polycystin-1 multiprotein complex (ACTN1, CDH1, SRC, JUP, VCL, CTNNB1, PXN, BCAR1, PKD1, PTK2, TLN1)",
        "tsize": 46,
        "pcnet_pvalue": 0.6757389514427543,
        "opencell_adjp": 1.0,
        "achilles_2std_count": 10,
        "bioplex_count": 1,
        "bioplex_pvalue": 0.5234382460953683,
        "pcnet_adjp": 0.8145393847120769,
        "name": "Cluster3-21",
        "hypergeom_cc_terms": "GO:0016460; GO:0005859; GO:0032982; GO:0030017; GO:0030016; GO:0016459; GO:0043292; GO:0001725; GO:0032432; GO:0042641; GO:0031672; GO:0015629; GO:0031430; GO:0031674; GO:0005925; GO:0030055; GO:0099512; GO:0099081; GO:0070161; GO:0099080; GO:0005856; GO:0030054"
    }
}