{
    "id": 520,
    "x": 544.2335299744896,
    "y": 407.0595047689392,
    "v": {
        "hypergeom_cc_enrich": 15.0,
        "achilles_2std_adjp": 1.0,
        "opencell_pvalue": 6.667212250737911e-06,
        "hypergeom_cc_adjPvalues": "7.028058008891875e-11; 0.0030350560840052224; 0.0059360802410834135; 0.0004239587525998921; 2.4373793691400832e-05; 1.4438403096960468e-05; 0.004140610918428518; 3.562598427993381e-05; 0.0001167850491546341; 0.00020947389137540727; 0.001451254829208698; 0.008977697780072562; 0.0018000960562770227; 0.003652008498504843; 0.007519606421114587",
        "cc_gene_counts": "5.0; 2.0; 2.0; 3.0; 4.0; 5.0; 3.0; 5.0; 5.0; 5.0; 5.0; 6.0; 9.0; 9.0; 11.0",
        "achilles_2std_pvalue": 0.818932322775875,
        "Size": 11,
        "opencell_unique_count": 3,
        "hypergeom_corum_enrich": 0.0,
        "bioplex_unique_count": 4,
        "hcm_count": 4,
        "pcnet_count": 23,
        "LogSize": 3.4594316186372973,
        "hcm_unique_count": 4,
        "pcnet_unique_count": 23,
        "hcm_adjp": 4.362607090191921e-06,
        "opencell_count": 3,
        "Stability": 10,
        "cc_ji_indexes": "0.38461538461538464; 0.14285714285714285; 0.125; 0.12; 0.11428571428571428; 0.06944444444444445; 0.06521739130434782; 0.05813953488372093; 0.045871559633027525; 0.04065040650406504; 0.02702702702702703; 0.013100436681222707; 0.008442776735459663; 0.007712082262210797; 0.004845814977973568",
        "MemberList": "CDH2 CDH4 CDH8 CTNNA1 CTNNB1 EPB41L2 PCDH7 PCDHA1 PKP4 SPECC1 TMTC4",
        "genes": "CDH2 CDH4 CDH8 CTNNA1 CTNNB1 EPB41L2 PCDH7 PCDHA1 PKP4 SPECC1 TMTC4",
        "hcm_pvalue": 5.086447728474886e-07,
        "achilles_2std_unique_count": 2,
        "bioplex_adjp": 3.3995396783827208e-06,
        "label": "Cluster5-23",
        "tsize": 11,
        "pcnet_pvalue": 1.8151497445930843e-17,
        "opencell_adjp": 2.6084005823062352e-05,
        "achilles_2std_count": 2,
        "bioplex_count": 4,
        "bioplex_pvalue": 1.814104133307371e-06,
        "pcnet_adjp": 5.782548472060825e-17,
        "name": "Cluster5-23",
        "hypergeom_cc_terms": "GO:0016342; GO:0016600; GO:0016327; GO:0014704; GO:0044291; GO:0019897; GO:0044853; GO:0005912; GO:0098797; GO:0019898; GO:0005911; GO:0070161; GO:0005886; GO:0071944; GO:0016020"
    }
}