{
    "tokens_used": 67743,
    "dollars_spent": 4.06458,
    "time_taken_last_run": 45.576133489608765,
    "time_taken_total": 3443.238753795624
}