{
    "tokens_used": 84420,
    "dollars_spent": 5.0652,
    "time_taken_last_run": 110.15044069290161,
    "time_taken_total": 4523.049802064896
}