{
    "id": 864,
    "x": 991.1351172760769,
    "y": 407.0595047689394,
    "v": {
        "hypergeom_cc_enrich": 16.0,
        "achilles_2std_adjp": 0.5151255471130616,
        "opencell_pvalue": 1.0,
        "hypergeom_cc_adjPvalues": "2.0540457895031694e-15; 2.699409302138172e-15; 5.386159304632192e-13; 4.261935807574774e-12; 1.8990586330809176e-07; 1.1086822997606271e-15; 5.3325528174131755e-17; 6.30343431483157e-17; 0.00018784605233873697; 0.006393093164324191; 0.001890024317265651; 7.874016607775344e-08; 1.6950995005600028e-09; 1.833532704594939e-09; 1.7334042458453663e-08; 0.0029333638528048628",
        "cc_gene_counts": "7.0; 8.0; 7.0; 8.0; 5.0; 12.0; 13.0; 13.0; 3.0; 2.0; 4.0; 10.0; 13.0; 13.0; 14.0; 11.0",
        "achilles_2std_pvalue": 0.19650737409672778,
        "Size": 21,
        "opencell_unique_count": 0,
        "hypergeom_corum_enrich": 0.0,
        "bioplex_unique_count": 17,
        "hcm_count": 0,
        "pcnet_count": 67,
        "LogSize": 4.392317422778761,
        "hcm_unique_count": 0,
        "pcnet_unique_count": 67,
        "hcm_adjp": 1.0,
        "opencell_count": 0,
        "Stability": 22,
        "cc_ji_indexes": "0.3333333333333333; 0.32; 0.28; 0.21052631578947367; 0.16666666666666666; 0.15384615384615385; 0.1511627906976744; 0.14942528735632185; 0.12; 0.08695652173913043; 0.06557377049180328; 0.05235602094240838; 0.042071197411003236; 0.04180064308681672; 0.029978586723768737; 0.01476510067114094",
        "MemberList": "BTBD1 ENO3 FABP3 HSPB6 KLHL41 LPL MFGE8 MYH1 MYH15 MYH2 MYH4 MYH6 MYH7 MYH8 MYL3 MYOM3 OBSCN PLXNA4 PRX TNNI1 TNNT1",
        "genes": "BTBD1 ENO3 FABP3 HSPB6 KLHL41 LPL MFGE8 MYH1 MYH15 MYH2 MYH4 MYH6 MYH7 MYH8 MYL3 MYOM3 OBSCN PLXNA4 PRX TNNI1 TNNT1",
        "hcm_pvalue": 1.0,
        "achilles_2std_unique_count": 15,
        "bioplex_adjp": 3.2517555046818288e-24,
        "label": "Cluster4-26",
        "tsize": 21,
        "pcnet_pvalue": 2.993734830039216e-42,
        "opencell_adjp": 1.0,
        "achilles_2std_count": 15,
        "bioplex_count": 17,
        "bioplex_pvalue": 9.040755214810467e-25,
        "pcnet_adjp": 1.390839306455719e-41,
        "name": "Cluster4-26",
        "hypergeom_cc_terms": "GO:0005859; GO:0016460; GO:0032982; GO:0016459; GO:0031672; GO:0030017; GO:0030016; GO:0043292; GO:0031430; GO:0005861; GO:0031674; GO:0015629; GO:0099512; GO:0099081; GO:0099080; GO:0005856"
    }
}