{
    "id": 1200,
    "x": 520.116466482426,
    "y": 207.1460895530638,
    "v": {
        "hypergeom_cc_enrich": 77.0,
        "achilles_2std_adjp": 1.0,
        "opencell_pvalue": 0.9014458827993778,
        "hypergeom_cc_adjPvalues": "1.058070317090814e-38; 9.885819778088914e-35; 8.160612382975802e-19; 4.991176767472047e-18; 1.6122050483442765e-16; 9.263438067753207e-10; 1.0736812004277101e-12; 8.581764151148513e-10; 5.7625097828856e-09; 3.2657869836768173e-09; 5.500505717419351e-11; 2.0026399948810083e-10; 6.840994476778133e-11; 1.7919905602722132e-07; 1.7712228628823449e-09; 1.5744030164026712e-09; 1.6103521305736252e-07; 8.272132197395947e-12; 6.79860563807917e-10; 1.2291102069389422e-10; 7.650508900436205e-06; 2.6822393291004487e-09; 7.650508900436205e-06; 2.0093450813097e-06; 3.5008497233567316e-05; 4.135294559540903e-05; 5.5676718883223356e-05; 6.839731653425954e-10; 4.9831086133713735e-09; 0.0006292033868292792; 0.0007296926258844933; 2.979784996954886e-09; 0.0008348572994378218; 8.3915766201885e-06; 1.5582366142806517e-08; 0.0005777433740585592; 0.006221895415785484; 1.1522139834513837e-05; 5.311400844646535e-07; 9.870863824168724e-06; 2.338325365777497e-08; 0.0019487027436509178; 0.0002449849838810813; 9.62658680367568e-08; 6.211652090303228e-07; 0.001003230695117699; 6.351058512254566e-05; 2.4373793691400832e-05; 7.782746817678731e-05; 5.162348188188711e-06; 0.00172248292904466; 0.00023485776485046916; 0.0019534629823303932; 0.0028515557883347824; 3.700979090136905e-05; 0.004555540129096413; 0.000736182774452001; 0.002628924916256337; 0.009434466530000225; 0.0010210100831250246; 2.7972450031456205e-05; 1.1883994870381018e-05; 0.0014331405784090113; 0.0045294554964263834; 0.006361684480534607; 0.0007401141004538509; 0.0012242573053526842; 0.0002495844719961025; 0.0011784780139021127; 0.0019839258167989515; 0.0012999433516078366; 3.006869486151935e-05; 0.0034970347661043054; 3.275875265937777e-05; 0.0002990491697706736; 0.003921674038705051; 0.0011851791060072915",
        "cc_gene_counts": "177.0; 163.0; 82.0; 99.0; 64.0; 84.0; 42.0; 102.0; 79.0; 99.0; 42.0; 41.0; 39.0; 99.0; 43.0; 42.0; 55.0; 201.0; 37.0; 34.0; 85.0; 37.0; 112.0; 52.0; 72.0; 72.0; 76.0; 27.0; 27.0; 38.0; 38.0; 24.0; 29.0; 24.0; 21.0; 27.0; 29.0; 22.0; 20.0; 21.0; 18.0; 23.0; 21.0; 18.0; 18.0; 21.0; 19.0; 18.0; 18.0; 17.0; 18.0; 17.0; 18.0; 18.0; 16.0; 18.0; 17.0; 17.0; 16.0; 15.0; 14.0; 13.0; 12.0; 12.0; 12.0; 11.0; 11.0; 10.0; 10.0; 10.0; 8.0; 7.0; 7.0; 6.0; 6.0; 6.0; 5.0",
        "achilles_2std_pvalue": 0.9999999823267531,
        "Size": 312,
        "opencell_unique_count": 18,
        "hypergeom_corum_enrich": 0.0,
        "bioplex_unique_count": 67,
        "hcm_count": 148,
        "pcnet_count": 1947,
        "LogSize": 8.285402218862249,
        "hcm_unique_count": 148,
        "pcnet_unique_count": 1947,
        "hcm_adjp": 1.3296970421325576e-49,
        "opencell_count": 18,
        "Stability": 47,
        "cc_ji_indexes": "0.13615384615384615; 0.13437757625721353; 0.12005856515373353; 0.11551925320886815; 0.11307420494699646; 0.09375; 0.0935412026726058; 0.0925589836660617; 0.09143518518518519; 0.09116022099447514; 0.08936170212765958; 0.08723404255319149; 0.08685968819599109; 0.08608695652173913; 0.086; 0.0855397148676171; 0.08461538461538462; 0.08441831163376733; 0.08277404921700224; 0.0815347721822542; 0.08141762452107279; 0.08131868131868132; 0.08057553956834532; 0.08024691358024691; 0.0787746170678337; 0.07851690294438386; 0.07826982492276004; 0.07105263157894737; 0.06958762886597938; 0.06608695652173913; 0.0658578856152513; 0.06521739130434782; 0.059548254620123205; 0.05925925925925926; 0.058823529411764705; 0.05818965517241379; 0.056640625; 0.05612244897959184; 0.054945054945054944; 0.0546875; 0.052478134110787174; 0.05239179954441914; 0.05198019801980198; 0.05187319884726225; 0.05099150141643059; 0.05060240963855422; 0.05; 0.04891304347826087; 0.0481283422459893; 0.04788732394366197; 0.04568527918781726; 0.045576407506702415; 0.04556962025316456; 0.04522613065326633; 0.04481792717086835; 0.04477611940298507; 0.04473684210526316; 0.043701799485861184; 0.04092071611253197; 0.04087193460490463; 0.040697674418604654; 0.03869047619047619; 0.034482758620689655; 0.03389830508474576; 0.033707865168539325; 0.032448377581120944; 0.03225806451612903; 0.030303030303030304; 0.029850746268656716; 0.02967359050445104; 0.024615384615384615; 0.022222222222222223; 0.021671826625386997; 0.019169329073482427; 0.01904761904761905; 0.018808777429467086; 0.01592356687898089",
        "MemberList": "ABCA12 ABI1 ACKR3 ACTR10 ADAM10 ADAMTSL4 ADD1 ADD2 ADD3 AGRN AHNAK AKAP12 AMIGO2 ANK3 ANKLE2 ANKRD13A ARHGAP19 ARHGAP23 ARHGEF26 ARHGEF5 ARL14EP ARRB2 ASAP1 ASPM ATP2B4 ATP6V0A2 ATP6V0C B3GALT2 BAIAP2 BAIAP2L1 BCORL1 BORCS5 BTN2A1 CAMK2B CAMK2G CARMIL1 CAVIN2 CBWD6 CCDC107 CCDC22 CCNT2 CCNYL1 CCT3 CD44 CD47 CDH2 CDH4 CDH8 CDK7 CELA3A CEMIP2 CEP295 CEP55 CNNM1 COL6A1 COPRS CORO1B CORO2B CRCP CRLF3 CRYGD CSNK1G1 CSPG4 CTDSPL CTNNA1 CTNNB1 CTNND1 CTSF CX3CL1 CYBC1 CYTH2 DCAF6 DCBLD2 DCHS2 DDR2 DDX60L DHPS DHRS7B DIRAS1 DIS3L DMAP1 DNAJA4 DPY19L4 EFR3A EGFL8 EHBP1 ELL ENC1 ENG EPB41L2 EPB41L3 EPHA2 EPHB2 ERBIN EVA1A EXOC1 EZR FAM120B FAM171A1 FAM210B FBLN5 FBLN7 FBXO16 FBXW11 FCHSD2 FLOT2 FLRT3 FMNL3 FOXN3 FZD6 GFOD1 GNAQ GNAS GNB1 GNB2 GNB4 GNG2 GPR156 GPRC5A GPRIN1 GPSM2 GRAMD1A GRAMD1C GTSE1 HAPLN3 HAUS6 HAUS7 HCFC2 HEBP1 HEG1 HMOX1 HSPG2 HTRA1 HUNK IFFO2 IL12RB1 IL13 IL6ST IL7R INSR IQGAP1 ISLR ITGA3 ITGAV ITSN1 ITSN2 KIAA1522 KIF17 KMT2D L1CAM LAIR1 LAMC1 LDB2 LGALS8 LHFPL2 LINGO1 LRP12 LRRC15 LSR LZTS2 MACF1 MADD MAP11 MARCHF7 MAT2B MCAM METAP2 METTL15 MIB1 MICAL2 MISP MKLN1 MPZL1 MRE11 MSN MYL4 MYO10 MYO9A NCAM1 NCK1 NELFE NEO1 NF2 NFX1 NHSL2 NMT1 NOTCH2 NRAS NUBP1 NUDT16L1 NUP35 OBSCN OCLN ODR4 OSBPL8 OTULIN PACSIN3 PAK1 PALM PCDH7 PCDHA1 PCMTD1 PDCD7 PDGFRA PDLIM1 PDPK1 PDS5A PIGB PIGN PIK3AP1 PKP4 PLCD3 PLEKHH2 PLXNA4 PNISR POLE PPP1CB PPP1R13B PPP1R16A PPP1R18 PPP3CC PPP4C PRELP PROSER2 PRRT2 PTPRM PTPRS RAB13 RAB27B RALA RALBP1 RALGAPA2 RAPH1 RASAL2 RASSF3 RDX RGS3 RHOA RNF8 ROBO1 RTN4R SAMHD1 SCRIB SDC2 SDC4 SH3PXD2B SLC12A2 SLC2A14 SLC2A3 SLC4A7 SLC7A14 SLC9A3R2 SMIM8 SMOC1 SNAP23 SNAP25 SNX9 SPECC1 SPINT1 STAMBP STAMBPL1 STX4 SUCLG2 SUMF2 SUPT6H SYNC SYTL2 SYVN1 TCHP TGFBR1 TGFBR2 TJP1 TJP2 TMEM101 TMTC4 TNK2 TNKS1BP1 TPRN TRAF7 TRAT1 TRIM44 TRIML2 TRMT1 TRMT2A TTC17 TTYH1 TUBGCP5 TWF2 TXNDC11 UBXN6 UQCC1 UQCC3 USP20 USP4 UTRN VANGL1 VBP1 VCPIP1 VSIG4 VWCE WASF2 WDR12 XIAP YES1 YIPF4 YTHDC1 ZBTB33 ZDHHC5 ZDHHC8 ZFYVE9 ZNF407 ZNF503",