{
    "tokens_used": 50722,
    "dollars_spent": 3.04332,
    "time_taken_last_run": 140.55887484550476,
    "time_taken_total": 3611.10906791687
}