{
    "tokens_used": 32111,
    "dollars_spent": 1.92666,
    "time_taken_last_run": 119.58844375610352,
    "time_taken_total": 2210.9418482780457
}