{
    "tokens_used": 54661,
    "dollars_spent": 3.2796600000000002,
    "time_taken_last_run": 175.8631947040558,
    "time_taken_total": 2743.3277719020844
}