{
    "tokens_used": 485930,
    "dollars_spent": 29.1558,
    "time_taken_last_run": 158.06990551948547,
    "time_taken_total": 33696.13017177582
}