{
    "id": 1076,
    "x": -1179.6601208191612,
    "y": -60.00148708422489,
    "v": {
        "hypergeom_cc_enrich": 3.0,
        "achilles_2std_adjp": 1.0,
        "opencell_pvalue": 1.0,
        "hypergeom_cc_adjPvalues": "0.0029152731226159117; 0.0030509535107173806; 0.0017461044364298565",
        "cc_gene_counts": "3.0; 4.0; 5.0",
        "achilles_2std_pvalue": 0.8168413826921114,
        "Size": 13,
        "opencell_unique_count": 0,
        "hypergeom_corum_enrich": 1.0,
        "bioplex_unique_count": 11,
        "hcm_count": 0,
        "hypergeom_corum_adjPvalues": "0.00446154269563116",
        "corum_ji_indexes": "0.13333333333333333",
        "pcnet_count": 34,
        "LogSize": 3.700439718141092,
        "hcm_unique_count": 0,
        "pcnet_unique_count": 34,
        "hcm_adjp": 1.0,
        "opencell_count": 0,
        "Stability": 36,
        "cc_ji_indexes": "0.07894736842105263; 0.043010752688172046; 0.031055900621118012",
        "MemberList": "CRY1 CSNK1D FBXL17 FBXL19 FBXO11 FBXO46 FBXW2 FBXW9 KDM2A LZTR1 MDM4 SKP1 TP53",
        "genes": "CRY1 CSNK1D FBXL17 FBXL19 FBXO11 FBXO46 FBXW2 FBXW9 KDM2A LZTR1 MDM4 SKP1 TP53",
        "hcm_pvalue": 1.0,
        "achilles_2std_unique_count": 3,
        "bioplex_adjp": 2.7275256514839144e-18,
        "corum_gene_counts": "2.0",
        "label": "Cluster3-29",
        "hypergeom_corum_terms": "2772_Ubiquitin E3 ligase (CRY1, SKP1A, CUL1, FBXL3)",
        "tsize": 13,
        "pcnet_pvalue": 7.68527366308758e-26,
        "opencell_adjp": 1.0,
        "achilles_2std_count": 3,
        "bioplex_count": 11,
        "bioplex_pvalue": 8.3171185785159715e-19,
        "pcnet_adjp": 2.9548552187388455e-25,
        "name": "Cluster3-29",
        "hypergeom_cc_terms": "GO:0019005; GO:0031461; GO:0000151"
    }
}