{
    "tokens_used": 178,
    "dollars_spent": 0.089,
    "time_taken_last_run": 1.5769386291503906,
    "time_taken_total": 2.90804123878479
}