{
    "tokens_used": 25880,
    "dollars_spent": 1.5528,
    "time_taken_last_run": 58.6861937046051,
    "time_taken_total": 843.7133700847626
}