{
    "tokens_used": 47806,
    "dollars_spent": 1.43418,
    "time_taken_last_run": 20.622931718826294,
    "time_taken_total": 571.9292078018188,
    "runs": 27
}