{
    "tokens_used": 10735,
    "dollars_spent": 0.32205,
    "time_taken_last_run": 17.814586400985718,
    "time_taken_total": 101.77189755439758,
    "runs": 6
}