{
    "tokens_used": 32609,
    "dollars_spent": 1.95654,
    "time_taken_last_run": 59.49682569503784,
    "time_taken_total": 1366.5849714279175
}