{
    "tokens_used": 25172,
    "dollars_spent": 1.51032,
    "time_taken_last_run": 30.56972098350525,
    "time_taken_total": 785.0271763801575
}