{
    "tokens_used": 471036,
    "dollars_spent": 28.26216,
    "time_taken_last_run": 0.7744982242584229,
    "time_taken_total": 1217.6823740005493
}