{
    "tokens_used": 33278,
    "dollars_spent": 1.99668,
    "time_taken_last_run": 43.6911940574646,
    "time_taken_total": 1410.276165485382
}