{
    "id": 456,
    "x": -40.443057327097904,
    "y": 407.0595047689392,
    "v": {
        "hypergeom_cc_enrich": 8.0,
        "achilles_2std_adjp": 1.0,
        "opencell_pvalue": 0.8700579087924176,
        "hypergeom_cc_adjPvalues": "6.467177390006581e-10; 0.004111968731501057; 0.006931766806506981; 2.7190555127277465e-05; 0.0005220840097132755; 0.0005220840097132755; 0.0005220840097132755; 0.001400603769665295",
        "cc_gene_counts": "13.0; 16.0; 8.0; 6.0; 4.0; 4.0; 4.0; 4.0",
        "achilles_2std_pvalue": 0.9869059519000192,
        "Size": 174,
        "opencell_unique_count": 8,
        "hypergeom_corum_enrich": 3.0,
        "bioplex_unique_count": 192,
        "hcm_count": 5,
        "hypergeom_corum_adjPvalues": "0.00014587499857961962; 0.00021859869015082621; 0.0009147629908788047",
        "corum_ji_indexes": "0.028409090909090908; 0.022988505747126436; 0.022857142857142857",
        "pcnet_count": 973,
        "LogSize": 7.442943495848728,
        "hcm_unique_count": 5,
        "pcnet_unique_count": 973,
        "hcm_adjp": 1.0,
        "opencell_count": 8,
        "Stability": 20,
        "cc_ji_indexes": "0.06806282722513089; 0.050955414012738856; 0.037914691943127965; 0.033707865168539325; 0.022857142857142857; 0.022857142857142857; 0.022857142857142857; 0.022727272727272728",
        "MemberList": "ABHD17A ACVR1 AP1S1 AP5B1 AP5S1 AP5Z1 ARHGAP29 ATP13A1 ATRIP ATXN10 BRAT1 BTAF1 C19orf38 C3orf18 CCNB2 CD226 CERS5 CIP2A COG3 COG6 COG8 CYP20A1 CYP2S1 DCK DCUN1D5 DERA DIAPH3 DNAAF5 DNAJC16 DOCK1 DOCK5 DOP1B DYM EEF1E1 EFNB1 EIF2B2 EIF2B4 EPG5 EVI5L EXOC2 EXOC4 EXOC6 EXOC6B EXOC7 EXOC8 FAM114A2 FAM160A2 FAM160B2 FANCA FANCD2 FAXC FBXL3 FRYL FZD10 GADD45A GBA2 GEMIN4 GFPT1 GFPT2 GPR17 GPR180 HEATR1 HEATR3 HEATR5B HIP1R IGSF8 ILVBL INIP INTS12 INTS3 INTS4 INTS8 IP6K1 IPO11 IPO5 IPO7 IPO8 IPO9 KIF14 KIF20B KNTC1 LMBRD2 LTN1 MDN1 MEN1 MLST8 MON2 MOSPD2 MROH1 MZT2A MZT2B NABP2 NBEAL1 NCAPD3 NCAPG2 NCAPH2 NECTIN3 NOC2L NPTN NR2F1 NUP107 NUP133 NUP37 NUP85 OGG1 ORC5 PDE2A PDS5B PEX3 PI4KA PLAA PPP4R3B RANBP6 RB1 RDH10 RHOBTB3 RNF213 RUFY2 SATB2 SEPTIN2 SETX SGPP1 SMG1 SMG8 SMG9 SNF8 SNX14 SNX25 SNX30 SPAG9 SPAST SPG11 SREBF2 STAG2 TAPT1 TBC1D22B TBC1D8 TBC1D8B TBC1D9B TELO2 TEX2 TEX261 TFIP11 THADA TMEM184A TNPO1 TNPO2 TNPO3 TONSL TSPAN2 TSPO TTC12 TTI1 TTI2 UBR3 UNC13D UNC45A URB1 USP24 USP34 UTP20 VAC14 VEZT VPS33A VPS51 VPS8 WDFY3 XPO1 XPO4 XPO5 XPO6 XPOT ZMYM1 ZW10",
        "genes": "ABHD17A ACVR1 AP1S1 AP5B1 AP5S1 AP5Z1 ARHGAP29 ATP13A1 ATRIP ATXN10 BRAT1 BTAF1 C19orf38 C3orf18 CCNB2 CD226 CERS5 CIP2A COG3 COG6 COG8 CYP20A1 CYP2S1 DCK DCUN1D5 DERA DIAPH3 DNAAF5 DNAJC16 DOCK1 DOCK5 DOP1B DYM EEF1E1 EFNB1 EIF2B2 EIF2B4 EPG5 EVI5L EXOC2 EXOC4 EXOC6 EXOC6B EXOC7 EXOC8 FAM114A2 FAM160A2 FAM160B2 FANCA FANCD2 FAXC FBXL3 FRYL FZD10 GADD45A GBA2 GEMIN4 GFPT1 GFPT2 GPR17 GPR180 HEATR1 HEATR3 HEATR5B HIP1R IGSF8 ILVBL INIP INTS12 INTS3 INTS4 INTS8 IP6K1 IPO11 IPO5 IPO7 IPO8 IPO9 KIF14 KIF20B KNTC1 LMBRD2 LTN1 MDN1 MEN1 MLST8 MON2 MOSPD2 MROH1 MZT2A MZT2B NABP2 NBEAL1 NCAPD3 NCAPG2 NCAPH2 NECTIN3 NOC2L NPTN NR2F1 NUP107 NUP133 NUP37 NUP85 OGG1 ORC5 PDE2A PDS5B PEX3 PI4KA PLAA PPP4R3B RANBP6 RB1 RDH10 RHOBTB3 RNF213 RUFY2 SATB2 SEPTIN2 SETX SGPP1 SMG1 SMG8 SMG9 SNF8 SNX14 SNX25 SNX30 SPAG9 SPAST SPG11 SREBF2 STAG2 TAPT1 TBC1D22B TBC1D8 TBC1D8B TBC1D9B TELO2 TEX2 TEX261 TFIP11 THADA TMEM184A TNPO1 TNPO2 TNPO3 TONSL TSPAN2 TSPO TTC12 TTI1 TTI2 UBR3 UNC13D UNC45A URB1 USP24 USP34 UTP20 VAC14 VEZT VPS33A VPS51 VPS8 WDFY3 XPO1 XPO4 XPO5 XPO6 XPOT ZMYM1 ZW10",
        "hcm_pvalue": 0.9995225015317292,
        "achilles_2std_unique_count": 745,
        "bioplex_adjp": 1.2002490488213224e-119,
        "corum_gene_counts": "5.0; 4.0; 4.0",
        "label": "Cluster5-0",
        "hypergeom_corum_terms": "6167_Exocyst complex; 6602_AP5-SPG11-SPG15 complex; 87_Nup 107-160 subcomplex",
        "tsize": 174,
        "pcnet_pvalue": 5.5130882893033645e-45,
        "opencell_adjp": 1.0,
        "achilles_2std_count": 745,
        "bioplex_count": 192,
        "bioplex_pvalue": 8.073424095210689e-121,
        "pcnet_adjp": 2.732041530032556e-44,
        "name": "Cluster5-0",
        "hypergeom_cc_terms": "GO:0099023; GO:0005635; GO:0005643; GO:0000145; GO:0031080; GO:0031931; GO:0031932; GO:0038201"
    }
}