{
    "id": 720,
    "x": -1601.3486128826535,
    "y": 407.0595047689392,
    "v": {
        "hypergeom_cc_enrich": 27.0,
        "achilles_2std_adjp": 0.7198679468553016,
        "opencell_pvalue": 1.1985677229271006e-141,
        "hypergeom_cc_adjPvalues": "2.9981594272620654e-40; 6.201743239848862e-25; 1.7730800876233703e-35; 6.224983178359152e-35; 1.1519857823649706e-20; 1.1519857823649706e-20; 1.1519857823649706e-20; 7.041439589178172e-20; 2.094559360477611e-14; 6.566491294955248e-10; 2.7215536115971752e-11; 4.6170711866814723e-11; 1.8140552884400533e-09; 1.3128545182409092e-09; 7.094061683518709e-09; 2.2032971673610295e-18; 3.3129222346124314e-08; 3.35890972399245e-19; 1.1478284080978289e-14; 4.670470046179433e-12; 0.0023555402390069763; 2.610106565915966e-06; 0.0005520930233921816; 4.668760271765107e-06; 4.182082516513293e-08; 0.0010127075024963777; 3.3129222346124314e-08",
        "cc_gene_counts": "21.0; 13.0; 25.0; 25.0; 11.0; 11.0; 11.0; 11.0; 8.0; 11.0; 13.0; 13.0; 11.0; 13.0; 13.0; 27.0; 14.0; 33.0; 29.0; 29.0; 13.0; 28.0; 23.0; 31.0; 37.0; 28.0; 39.0",
        "achilles_2std_pvalue": 0.32926695327013794,
        "Size": 41,
        "opencell_unique_count": 96,
        "hypergeom_corum_enrich": 41.0,
        "bioplex_unique_count": 110,
        "hcm_count": 4,
        "hypergeom_corum_adjPvalues": "2.6460399475060153e-25; 2.6460399475060153e-25; 3.9579628292015427e-22; 3.9579628292015427e-22; 5.170846845710677e-19; 5.019542243686982e-18; 3.3940386467135344e-16; 6.196689630615975e-17; 6.196689630615975e-17; 6.196689630615975e-17; 8.733044949537804e-16; 5.237867484372523e-16; 5.237867484372523e-16; 5.237867484372523e-16; 5.237867484372523e-16; 2.5352121052283575e-15; 9.04393531040907e-15; 9.04393531040907e-15; 6.661214201483395e-15; 6.661214201483395e-15; 6.661214201483395e-15; 6.661214201483395e-15; 6.661214201483395e-15; 5.2054771545057045e-14; 5.2054771545057045e-14; 7.421270762708337e-13; 8.001158813821123e-13; 5.264091547306102e-12; 4.997753533621717e-10; 4.645489113223758e-09; 9.788759870720854e-14; 5.117834491981981e-09; 1.5008270853902827e-07; 7.954928738371211e-07; 1.0123279525609256e-05; 8.936969278415918e-07; 1.0974043117757234e-05; 4.5992941738695926e-05; 0.0003106904820322136; 0.00131776769748414; 0.005476492963179114",
        "corum_ji_indexes": "0.3170731707317073; 0.3170731707317073; 0.2857142857142857; 0.2857142857142857; 0.24390243902439024; 0.23809523809523808; 0.2222222222222222; 0.21951219512195122; 0.21951219512195122; 0.21951219512195122; 0.21739130434782608; 0.21428571428571427; 0.21428571428571427; 0.21428571428571427; 0.21428571428571427; 0.20930232558139536; 0.20454545454545456; 0.20454545454545456; 0.1951219512195122; 0.1951219512195122; 0.1951219512195122; 0.1951219512195122; 0.1951219512195122; 0.19047619047619047; 0.19047619047619047; 0.1836734693877551; 0.18181818181818182; 0.16666666666666666; 0.14285714285714285; 0.14; 0.13725490196078433; 0.13636363636363635; 0.11627906976744186; 0.1111111111111111; 0.1; 0.0975609756097561; 0.09302325581395349; 0.08888888888888889; 0.07142857142857142; 0.06818181818181818; 0.06349206349206349",
        "pcnet_count": 311,
        "LogSize": 5.357552004618084,
        "hcm_unique_count": 4,
        "pcnet_unique_count": 311,
        "hcm_adjp": 0.11259796906396068,
        "opencell_count": 96,
        "Stability": 34,
        "cc_ji_indexes": "0.4666666666666667; 0.30952380952380953; 0.29069767441860467; 0.2808988764044944; 0.2619047619047619; 0.2619047619047619; 0.2619047619047619; 0.2558139534883721; 0.19047619047619047; 0.10891089108910891; 0.10655737704918032; 0.10317460317460317; 0.10185185185185185; 0.08333333333333333; 0.07428571428571429; 0.06537530266343826; 0.0603448275862069; 0.04564315352697095; 0.041428571428571426; 0.03314285714285714; 0.02663934426229508; 0.020319303338171262; 0.018638573743922204; 0.017744705208929592; 0.016599371915657246; 0.015393073117097306; 0.015252248728979272",
        "MemberList": "ACTL6A ARID1A ARID1B ARID2 BCL7A BCL7B BCL7C BICRA BICRAL BOD1L1 BRCC3 BRD7 BRD9 C17orf49 CDCA7 CHD8 CTDSPL2 DPF1 DPF2 ERCC4 KPNA1 KPNA2 NIPBL NOP58 NUP50 PBRM1 PHAX RAMAC SMARCA2 SMARCA4 SMARCB1 SMARCC1 SMARCC2 SMARCD1 SMARCD2 SMARCD3 SMARCE1 SRCAP SRRT SS18L1 TCERG1",
        "genes": "ACTL6A ARID1A ARID1B ARID2 BCL7A BCL7B BCL7C BICRA BICRAL BOD1L1 BRCC3 BRD7 BRD9 C17orf49 CDCA7 CHD8 CTDSPL2 DPF1 DPF2 ERCC4 KPNA1 KPNA2 NIPBL NOP58 NUP50 PBRM1 PHAX RAMAC SMARCA2 SMARCA4 SMARCB1 SMARCC1 SMARCC2 SMARCD1 SMARCD2 SMARCD3 SMARCE1 SRCAP SRRT SS18L1 TCERG1",
        "hcm_pvalue": 0.023865155171345676,
        "achilles_2std_unique_count": 49,
        "bioplex_adjp": 3.915276185401663e-170,
        "corum_gene_counts": "13.0; 13.0; 12.0; 12.0; 10.0; 10.0; 10.0; 9.0; 9.0; 9.0; 10.0; 9.0; 9.0; 9.0; 9.0; 9.0; 9.0; 9.0; 8.0; 8.0; 8.0; 8.0; 8.0; 8.0; 8.0; 9.0; 8.0; 7.0; 6.0; 7.0; 14.0; 6.0; 5.0; 5.0; 5.0; 4.0; 4.0; 4.0; 3.0; 3.0; 4.0",
        "label": "Cluster5-6",
        "hypergeom_corum_terms": "7974_cBAF complex; 7977_cBAF complex; 7975_PBAF complex; 7978_PBAF complex; 554_PBAF complex; 189_BAF complex; 713_BRG1-SIN3A complex; 149_PBAF complex (Polybromo- and BAF containing complex); 1237_BAF complex; 555_BAF complex; 714_BRM-SIN3A complex; 1239_EBAFb complex; 238_SWI-SNF chromatin remodeling-related-BRCA1 complex; 1252_EBAFa complex; 808_BRM-associated complex; 7372_BRD7-SWI\\u2013SNF complex; 806_BRM-SIN3A-HDAC complex; 1230_WINAC complex; 564_BAF complex; 7980_ncBAF complex; 556_PBAF complex, BAF200-specific; 566_BAF complex; 7981_ncBAF complex; 710_Brg1-associated complex I; 711_Brm-associated complex; 778_LARC complex (LCR-associated remodeling complex); 803_BRG1-SIN3A-HDAC containing SWI/SNF remodeling complex I; 86_NUMAC complex (nucleosomal methylation activator complex); 3063_Brg1-associated complex II; 739_SIN3-ING1b complex II; 8391_Spliceosome, E complex; 3065_RNA polymerase II complex, chromatin structure modifying; 570_p300-CBP-p270-SWI/SNF complex; 1413_NCOR1 complex; 3064_RNA polymerase II complex, chromatin structure modifying; 2852_Brg1-based SWI/SNF complex; 7376_BRD7-CBP-SWI\\u2013SNF complex; 2829_RSmad complex; 7373_BRD7-SWI\\u2013SNF-SUZ12 complex; 3067_RNA polymerase II complex, (CDK8 complex), chromatin structure modifying; 1257_ALL-1 supercomplex",
        "tsize": 41,
        "pcnet_pvalue": 2.2763603244103897e-208,
        "opencell_adjp": 4.454676703545724e-140,
        "achilles_2std_count": 49,
        "bioplex_count": 110,
        "bioplex_pvalue": 1.2290104617852754e-171,
        "pcnet_adjp": 3.384189015623446e-207,
        "name": "Cluster5-6",
        "hypergeom_cc_terms": "GO:0016514; GO:0071565; GO:0070603; GO:1904949; GO:0140288; GO:0071564; GO:0035060; GO:0016586; GO:0140092; GO:0016363; GO:0000776; GO:0000779; GO:0034399; GO:0000775; GO:0000793; GO:0000785; GO:0098687; GO:0140513; GO:0005694; GO:1902494; GO:0099080; GO:0031981; GO:0005654; GO:0043232; GO:0032991; GO:0070013; GO:0005634"
    }
}