{
    "id": 816,
    "x": -1828.8117081207486,
    "y": 505.96306283160266,
    "v": {
        "hypergeom_cc_enrich": 5.0,
        "achilles_2std_adjp": 1.0,
        "opencell_pvalue": 4.169555436570411e-08,
        "hypergeom_cc_adjPvalues": "1.5595054664265141e-06; 0.00022837152084375655; 0.00014263138749782728; 0.0022466593596589092; 0.00014833447913214639",
        "cc_gene_counts": "9.0; 7.0; 9.0; 10.0; 28.0",
        "achilles_2std_pvalue": 0.9992098090299181,
        "Size": 31,
        "opencell_unique_count": 9,
        "hypergeom_corum_enrich": 2.0,
        "bioplex_unique_count": 13,
        "hcm_count": 3,
        "hypergeom_corum_adjPvalues": "1.003876686960969e-08; 4.043807649922786e-05",
        "corum_ji_indexes": "0.1111111111111111; 0.0707070707070707",
        "pcnet_count": 192,
        "LogSize": 4.954196310386875,
        "hcm_unique_count": 3,
        "pcnet_unique_count": 192,
        "hcm_adjp": 0.6342164080657092,
        "opencell_count": 9,
        "Stability": 12,
        "cc_ji_indexes": "0.0661764705882353; 0.05303030303030303; 0.04072398190045249; 0.026041666666666668; 0.0109460516028147",
        "MemberList": "BCLAF1 BMP2K BRD2 CDK11A CDK11B CHTOP CWC25 GPATCH8 HBP1 IK NCBP3 PNN PPIG PRPF40A PRPF4B RBBP6 RBM15B RBM25 RSRC2 SETD2 SFSWAP SON SRRM2 SRSF11 SRSF4 SRSF6 THRAP3 UNK WBP11 ZC3H14 ZC3H18",
        "genes": "BCLAF1 BMP2K BRD2 CDK11A CDK11B CHTOP CWC25 GPATCH8 HBP1 IK NCBP3 PNN PPIG PRPF40A PRPF4B RBBP6 RBM15B RBM25 RSRC2 SETD2 SFSWAP SON SRRM2 SRSF11 SRSF4 SRSF6 THRAP3 UNK WBP11 ZC3H14 ZC3H18",
        "hcm_pvalue": 0.1507330476568726,
        "achilles_2std_unique_count": 10,
        "bioplex_adjp": 1.9618725053395086e-13,
        "corum_gene_counts": "9.0; 7.0",
        "label": "Cluster6-0",
        "hypergeom_corum_terms": "8372_Spliceosome, A complex; 8391_Spliceosome, E complex",
        "tsize": 31,
        "pcnet_pvalue": 1.7892482223275235e-139,
        "opencell_adjp": 1.7880978122215416e-07,
        "achilles_2std_count": 10,
        "bioplex_count": 13,
        "bioplex_pvalue": 6.950131296942654e-14,
        "pcnet_adjp": 1.9000112075192275e-138,
        "name": "Cluster6-0",
        "hypergeom_cc_terms": "GO:0016607; GO:0005681; GO:0016604; GO:1990904; GO:0005634"
    }
}