{
    "id": 860,
    "x": 902.9478156887753,
    "y": -365.14369304564764,
    "v": {
        "hypergeom_cc_enrich": 7.0,
        "achilles_2std_adjp": 0.376725471947944,
        "opencell_pvalue": 0.00026993615239366645,
        "hypergeom_cc_adjPvalues": "1.7885814107995816e-05; 0.00031082459473248024; 0.009580617434845147; 0.0034316532544654203; 0.007251326215805767; 0.000770798493946969; 0.0009308334438564293",
        "cc_gene_counts": "3.0; 3.0; 3.0; 4.0; 6.0; 10.0; 10.0",
        "achilles_2std_pvalue": 0.13514815137145972,
        "Size": 14,
        "opencell_unique_count": 2,
        "hypergeom_corum_enrich": 0.0,
        "bioplex_unique_count": 6,
        "hcm_count": 0,
        "pcnet_count": 20,
        "LogSize": 3.807354922057604,
        "hcm_unique_count": 0,
        "pcnet_unique_count": 20,
        "hcm_adjp": 1.0,
        "opencell_count": 2,
        "Stability": 10,
        "cc_ji_indexes": "0.1875; 0.13043478260869565; 0.058823529411764705; 0.044444444444444446; 0.01818181818181818; 0.011402508551881414; 0.011160714285714286",
        "MemberList": "ACVR1B ANKIB1 BMPR1A IFNGR1 IFNLR1 LAYN MYOF PDGFRB PIK3CA PIK3CD PIK3R1 RNF149 SUSD6 ZDHHC9",
        "genes": "ACVR1B ANKIB1 BMPR1A IFNGR1 IFNLR1 LAYN MYOF PDGFRB PIK3CA PIK3CD PIK3R1 RNF149 SUSD6 ZDHHC9",
        "hcm_pvalue": 1.0,
        "achilles_2std_unique_count": 8,
        "bioplex_adjp": 2.627456656288495e-09,
        "label": "Cluster2-28",
        "tsize": 14,
        "pcnet_pvalue": 1.5916984560563198e-09,
        "opencell_adjp": 0.0009708993868352841,
        "achilles_2std_count": 8,
        "bioplex_count": 6,
        "bioplex_pvalue": 1.1311024170569306e-09,
        "pcnet_adjp": 4.1273111127972015e-09,
        "name": "Cluster2-28",
        "hypergeom_cc_terms": "GO:0005943; GO:0005942; GO:0098802; GO:0043235; GO:0098796; GO:0016021; GO:0031224"
    }
}