{
    "id": 700,
    "x": -486.2994065334469,
    "y": -754.2916364592936,
    "v": {
        "hypergeom_cc_enrich": 4.0,
        "achilles_2std_adjp": 0.03944824092633746,
        "opencell_pvalue": 8.064463590231664e-11,
        "hypergeom_cc_adjPvalues": "5.999354645540283e-06; 0.005411273127708642; 0.0007858149881993488; 0.006293923119270898",
        "cc_gene_counts": "3.0; 3.0; 5.0; 5.0",
        "achilles_2std_pvalue": 0.010790774423796346,
        "Size": 13,
        "opencell_unique_count": 6,
        "hypergeom_corum_enrich": 4.0,
        "bioplex_unique_count": 9,
        "hcm_count": 0,
        "hypergeom_corum_adjPvalues": "1.1423542777270857e-10; 1.0831750113163299e-05; 1.0831750113163299e-05; 0.0006900287792611303",
        "corum_ji_indexes": "0.35714285714285715; 0.21428571428571427; 0.21428571428571427; 0.125",
        "pcnet_count": 21,
        "LogSize": 3.700439718141092,
        "hcm_unique_count": 0,
        "pcnet_unique_count": 21,
        "hcm_adjp": 1.0,
        "opencell_count": 6,
        "Stability": 45,
        "cc_ji_indexes": "0.21428571428571427; 0.06666666666666667; 0.03676470588235294; 0.023474178403755867",
        "MemberList": "CDCA5 DBR1 MPLKIP MYCBP2 PDS5B PMEPA1 RAD21 SMC1A SMC3 SPATA20 TSEN54 UBR4 ZYG11B",
        "genes": "CDCA5 DBR1 MPLKIP MYCBP2 PDS5B PMEPA1 RAD21 SMC1A SMC3 SPATA20 TSEN54 UBR4 ZYG11B",
        "hcm_pvalue": 1.0,
        "achilles_2std_unique_count": 9,
        "bioplex_adjp": 2.3724006420932147e-14,
        "corum_gene_counts": "5.0; 3.0; 3.0; 3.0",
        "label": "Cluster1-17",
        "hypergeom_corum_terms": "5432_Sororin-cohesin complex; 166_Cohesin-SA2 complex; 6303_DDX11-RAD21-SMC1A-SMC3 complex; 282_SNF2h-cohesin-NuRD complex",
        "tsize": 13,
        "pcnet_pvalue": 1.0185692225561776e-11,
        "opencell_adjp": 4.281846144337289e-10,
        "achilles_2std_count": 9,
        "bioplex_count": 9,
        "bioplex_pvalue": 8.191697284357737e-15,
        "pcnet_adjp": 2.736637790723224e-11,
        "name": "Cluster1-17",
        "hypergeom_cc_terms": "GO:0008278; GO:0000794; GO:0000775; GO:0098687"
    }
}